BETRIEBSTAG,total,a_lheure,pourcentage
2026-09-04,145452,134762,92.65049638368671
2026-09-05,135803,128442,94.57964846137419
2026-09-06,126867,120709,95.14609788203394
2026-09-07,143050,132821,92.84935337294652
2026-09-08,142409,131841,92.57912070164105
2026-09-09,142292,131408,92.35094031990555
2026-09-10,141882,131350,92.57693012503348
2026-09-11,143664,132287,92.08082748635705
2026-09-12,133402,126202,94.60277956852221
2026-09-13,123710,117686,95.13054724759519
2026-09-14,140526,129606,92.22919602066521
2026-09-15,141019,130283,92.38684148944469
2026-09-16,141255,131580,93.15068493150685
2026-09-17,140561,130562,92.8863625045354
2026-09-18,144060,134915,93.65195057614882
2026-09-19,134968,128068,94.88767707901133
2026-09-20,126971,122213,96.25268762158288
2026-09-21,140397,131619,93.747729652343
2026-09-22,141653,133264,94.07778162128582
2026-09-23,141788,131595,92.81109825937315
2026-09-24,142158,134367,94.519478326932
2026-09-25,143584,131472,91.56451972364609
2026-09-26,135832,128184,94.3695152835856
2026-09-27,126732,120836,95.34766278445855
2026-09-28,141611,132544,93.59724880129369
2026-09-29,142110,134178,94.41840827527972
2026-09-30,142454,133191,93.49755008634367
2026-10-01,141080,130157,92.25758434930536
2026-10-02,138440,130383,94.18015024559377
